{"cameraMode":{"drawMode":0,"name":"Shaded","section":"Shading Mode"},"sceneLighting":false,"audioPlay":false,"sceneViewState":{"m_AlwaysRefresh":false,"showFog":true,"showSkybox":false,"showFlares":true,"showImageEffects":true,"showParticleSystems":true,"showVisualEffectGraphs":true,"m_FxEnabled":true},"in2DMode":false,"pivot":{"x":-0.9969191551208496,"y":0.9999990463256836,"z":1.1092500686645508},"rotation":{"x":-0.17296522855758668,"y":0.14625652134418488,"z":-0.025981374084949495,"w":-0.9736643433570862},"size":1.7320507764816285,"orthographic":false}