{"cameraMode":{"drawMode":0,"name":"Shaded","section":"Shading Mode"},"sceneLighting":true,"audioPlay":false,"sceneViewState":{"m_AlwaysRefresh":false,"showFog":true,"showSkybox":true,"showFlares":true,"showImageEffects":true,"showParticleSystems":true,"showVisualEffectGraphs":true,"m_FxEnabled":true},"in2DMode":false,"pivot":{"x":527.457763671875,"y":297.8688659667969,"z":55.56287384033203},"rotation":{"x":-0.09616097062826157,"y":-0.0023913790937513115,"z":0.0002337594487471506,"w":-0.9953714609146118},"size":485.0823059082031,"orthographic":false}