{"cameraMode":{"drawMode":0,"name":"Shaded","section":"Shading Mode"},"sceneLighting":false,"audioPlay":false,"sceneViewState":{"m_AlwaysRefresh":false,"showFog":true,"showSkybox":false,"showFlares":true,"showImageEffects":true,"showParticleSystems":true,"showVisualEffectGraphs":true,"m_FxEnabled":true},"in2DMode":false,"pivot":{"x":-0.0031618475914001467,"y":5.250194549560547,"z":-6.014073848724365},"rotation":{"x":-0.19032332301139832,"y":0.745263934135437,"z":-0.23939405381679536,"w":-0.5925021171569824},"size":0.21053087711334229,"orthographic":false}