{"cameraMode":{"drawMode":0,"name":"Shaded","section":"Shading Mode"},"sceneLighting":false,"audioPlay":false,"sceneViewState":{"m_AlwaysRefresh":false,"showFog":true,"showSkybox":false,"showFlares":true,"showImageEffects":true,"showParticleSystems":true,"showVisualEffectGraphs":true,"m_FxEnabled":true},"in2DMode":false,"pivot":{"x":13.985808372497559,"y":1.3906266689300538,"z":-4.976500511169434},"rotation":{"x":-0.17296522855758668,"y":0.14625652134418488,"z":-0.025981374084949495,"w":-0.9736643433570862},"size":4.316288471221924,"orthographic":false}