{"cameraMode":{"drawMode":0,"name":"Shaded","section":"Shading Mode"},"sceneLighting":false,"audioPlay":false,"sceneViewState":{"m_AlwaysRefresh":false,"showFog":true,"showSkybox":false,"showFlares":true,"showImageEffects":true,"showParticleSystems":true,"showVisualEffectGraphs":true,"m_FxEnabled":true},"in2DMode":false,"pivot":{"x":-8.74219036102295,"y":1.1932451725006104,"z":-5.349310398101807},"rotation":{"x":-0.08118218928575516,"y":0.030491944402456285,"z":-0.0024845071602612736,"w":-0.9962328672409058},"size":3.8955447673797609,"orthographic":false}